hyperlink,img,Hotel Name,Location,description,Facilities,Star Rating,Review,Review Number,Price
https://www.agoda.com//hotel-indigo-hsinchu-science-park/hotel/hsinchu-tw.html?finalPriceView=1&isShowMobileAppPrice=false&cid=1891473&numberOfBedrooms=&familyMode=false&adults=1&children=0&rooms=1&maxRooms=0&checkIn=2024-06-8&isCalendarCallout=false&childAges=&numberOfGuest=0&missingChildAges=false&travellerType=3&showReviewSubmissionEntry=false&currencyCode=TWD&isFreeOccSearch=false&tag=a7b18665-a99b-a319-1ff1-fb95c7d3fe4a&tspTypes=16&los=7&searchrequestid=ba642510-d129-40e6-87ee-8b1f86b19e61,https://pix8.agoda.net/hotelImages/5784586/-1/adba0571b3bed212205c732efd3f15f2.jpg?ce=0&s=1024x768,Episode Hsinchu,"No. 111, Section 2, Gongdao 5th Road, East District, Hsinchu City, Hsinchu, Taiwan, 300 ","Conveniently situated in the Hsinchu City part of Hsinchu, this property puts you close to attractions and interesting dining options. Don't leave before paying a visit to the famous Leofoo Village Theme Park.  This 4-star property features restaurant to make your stay more indulgent and memorable.","Front desk [24-hour],Airport transfer,Car park,Free Wi-Fi in all rooms!,Check-in/out [express],Luggage storage,Fitness center,Bar",4,8.7Excellent,1812,4500
https://www.agoda.com//lu-lin-b-b/hotel/all/hsinchu-tw.html?finalPriceView=1&isShowMobileAppPrice=false&cid=1891473&numberOfBedrooms=&familyMode=false&adults=1&children=0&rooms=1&maxRooms=0&checkIn=2024-06-8&isCalendarCallout=false&childAges=&numberOfGuest=0&missingChildAges=false&travellerType=3&showReviewSubmissionEntry=false&currencyCode=TWD&isFreeOccSearch=false&tag=a7b18665-a99b-a319-1ff1-fb95c7d3fe4a&tspTypes=1&los=7&searchrequestid=3d147883-c05f-4f75-9184-22df48c64768,https://q-xx.bstatic.com/xdata/images/hotel/max1024x768/514611879.jpg?k=f922d39c5e73bfd814f818b4ff6bdab7387b2c1732fadeb8f9d93e5593444910&o=,Lu-Lin B&B,"Wufeng Township, Hsinchu, Taiwan ","Conveniently situated in the Wufeng Township part of Hsinchu, this property puts you close to attractions and interesting dining options.","Car park,Free Wi-Fi in all rooms!,Check-in/out [express],Laundry service,Tours,Wi-Fi in public areas,Smoking area,Smoke-free property",Not available,8.3Excellent,275,2276
https://www.agoda.com//fanny-manor-b-b/hotel/all/hsinchu-tw.html?finalPriceView=1&isShowMobileAppPrice=false&cid=1891473&numberOfBedrooms=&familyMode=false&adults=1&children=0&rooms=1&maxRooms=0&checkIn=2024-06-8&isCalendarCallout=false&childAges=&numberOfGuest=0&missingChildAges=false&travellerType=3&showReviewSubmissionEntry=false&currencyCode=TWD&isFreeOccSearch=false&tag=a7b18665-a99b-a319-1ff1-fb95c7d3fe4a&tspTypes=1&los=7&searchrequestid=3d147883-c05f-4f75-9184-22df48c64768,https://q-xx.bstatic.com/xdata/images/hotel/max1024x768/143501416.jpg?k=0e68c5a4f4ef8a0f79b30276923d8dd27064d7f761475fa071f8b1e727cccd79&o=,Fanny Manor B&B,"Hsinchu, Hsinchu, Taiwan ","Conveniently situated in the Hsinchu part of Hsinchu, this property puts you close to attractions and interesting dining options.","Car park,Free Wi-Fi in all rooms!,Tours,Wi-Fi in public areas,Family room,Smoke-free property,On-site activity,Air conditioning in public area",Not available,8.6Excellent,127,2658
"https://www.agoda.com//sol-hotel/hotel/hsinchu-tw.html?finalPriceView=1&isShowMobileAppPrice=false&cid=1891473&numberOfBedrooms=&familyMode=false&adults=1&children=0&rooms=1&maxRooms=0&checkIn=2024-06-8&isCalendarCallout=false&childAges=&numberOfGuest=0&missingChildAges=false&travellerType=3&showReviewSubmissionEntry=false&currencyCode=TWD&isFreeOccSearch=false&tag=a7b18665-a99b-a319-1ff1-fb95c7d3fe4a&tspTypes=4,16,8&los=7&searchrequestid=ba642510-d129-40e6-87ee-8b1f86b19e61",https://pix8.agoda.net/hotelImages/237/237133/237133_16050615180042113277.jpg?ca=6&ce=1&s=1024x768,Sol Hotel,"No.10 WenHua St., Hsinchu City, Hsinchu, Taiwan, 30042 ","Get your trip off to a great start with a stay at this property, which offers free Wi-Fi in all rooms. Strategically situated in Hsinchu City, allowing you access and proximity to local attractions and sights. Don't leave before paying a visit to the famous Leofoo Village Theme Park.  Rated with 4 stars, this high-quality property provides guests with access to restaurant and fitness center on-site.","Front desk [24-hour],Airport transfer,Car park,Free Wi-Fi in all rooms!,Luggage storage,Fitness center,Restaurants,Breakfast [buffet]",4,8.7Excellent,5756, 4641
https://www.agoda.com//fleur-lis-hotel-hsinchu/hotel/hsinchu-tw.html?finalPriceView=1&isShowMobileAppPrice=false&cid=1891473&numberOfBedrooms=&familyMode=false&adults=1&children=0&rooms=1&maxRooms=0&checkIn=2024-06-8&isCalendarCallout=false&childAges=&numberOfGuest=0&missingChildAges=false&travellerType=3&showReviewSubmissionEntry=false&currencyCode=TWD&isFreeOccSearch=false&tag=a7b18665-a99b-a319-1ff1-fb95c7d3fe4a&los=7&searchrequestid=cf2b491e-37f5-40c8-aa5d-8ce83a485478,https://pix8.agoda.net/hotelImages/433/433172/433172_17091816450056523672.jpg?ca=6&ce=1&s=1024x768,Fleur Lis Hotel Hsinchu,"No.69, Minzu Rd, Hsinchu City, Hsinchu, Taiwan, 300 ","The car parking and the Wi-Fi are always free, so you can stay in touch and come and go as you please. Strategically situated in Hsinchu City, allowing you access and proximity to local attractions and sights. Don't leave before paying a visit to the famous Leofoo Village Theme Park.  This 4.5-star property features restaurant to make your stay more indulgent and memorable.","Airport transfer,Car park,Free Wi-Fi in all rooms!,Front desk [24-hour],Luggage storage,Contactless check-in/out,Fitness center,Restaurants",4.5,8.6Excellent,3785,5153
https://www.agoda.com//chillinhouse/hotel/all/hsinchu-tw.html?finalPriceView=1&isShowMobileAppPrice=false&cid=1891473&numberOfBedrooms=&familyMode=false&adults=1&children=0&rooms=1&maxRooms=0&checkIn=2024-06-8&isCalendarCallout=false&childAges=&numberOfGuest=0&missingChildAges=false&travellerType=3&showReviewSubmissionEntry=false&currencyCode=TWD&isFreeOccSearch=false&tag=a7b18665-a99b-a319-1ff1-fb95c7d3fe4a&tspTypes=16&los=7&searchrequestid=3d147883-c05f-4f75-9184-22df48c64768,https://q-xx.bstatic.com/xdata/images/hotel/max1024x768/538977425.jpg?k=c1f3e053b534f842d5396cd8a7376094d03363c1edef4851d918029404a29c6e&o=,棲林民宿Chillinhouse,"151 竹60鄉道, Jianshi Township, Hsinchu, Taiwan, 313 ","Conveniently situated in the Jianshi Township part of Hsinchu, this property puts you close to attractions and interesting dining options.","Car park,Shuttle service,Free Wi-Fi in all rooms!,Luggage storage,Game room,Coffee shop,Wi-Fi in public areas,Family room",Not available,9.3Exceptional,8,7067
https://www.agoda.com//wl-hotel-hsinchu_2/hotel/all/hsinchu-tw.html?finalPriceView=1&isShowMobileAppPrice=false&cid=1891473&numberOfBedrooms=&familyMode=false&adults=1&children=0&rooms=1&maxRooms=0&checkIn=2024-06-8&isCalendarCallout=false&childAges=&numberOfGuest=0&missingChildAges=false&travellerType=3&showReviewSubmissionEntry=false&currencyCode=TWD&isFreeOccSearch=false&tag=a7b18665-a99b-a319-1ff1-fb95c7d3fe4a&tspTypes=16&los=7&searchrequestid=ba642510-d129-40e6-87ee-8b1f86b19e61,https://q-xx.bstatic.com/xdata/images/hotel/max1024x768/401747724.jpg?k=ebbb7b05e22250484aa0b13da710e8c0d4781488e284558bb6f9408396000da0&o=,WL HOTEL Hsinchu,"No. 268, Minsheng Road, Hsinchu City, Hsinchu, Taiwan, 300 ","Conveniently situated in the Hsinchu City part of Hsinchu, this property puts you close to attractions and interesting dining options.","Pets allowed,Free Wi-Fi in all rooms!,Front desk [24-hour],Check-in/out [express],Luggage storage,Room service,Tours,Concierge",2,7.6Very good,1058,1129
"https://www.agoda.com//left-bank-hotel/hotel/hsinchu-tw.html?finalPriceView=1&isShowMobileAppPrice=false&cid=1891473&numberOfBedrooms=&familyMode=false&adults=1&children=0&rooms=1&maxRooms=0&checkIn=2024-06-8&isCalendarCallout=false&childAges=&numberOfGuest=0&missingChildAges=false&travellerType=3&showReviewSubmissionEntry=false&currencyCode=TWD&isFreeOccSearch=false&tag=a7b18665-a99b-a319-1ff1-fb95c7d3fe4a&tspTypes=2,16&los=7&searchrequestid=ba642510-d129-40e6-87ee-8b1f86b19e61",https://pix8.agoda.net/hotelImages/547522/0/74db1c12a4e980a05964e99175d00136.jpeg?s=1024x768,Left Bank Hotel,"No.502, Sec. 2, Zhonghua Rd, Hsinchu City, Hsinchu, Taiwan, 300 ","Get your trip off to a great start with a stay at this property, which offers free Wi-Fi in all rooms. Strategically situated in Hsinchu City, allowing you access and proximity to local attractions and sights. Don't leave before paying a visit to the famous Leofoo Village Theme Park.  Restaurant and hot tub are among the special facilities that will enhance your stay with on-site convenience. ","Airport transfer,Bicycle rental,Car park,Free Wi-Fi in all rooms!,Hot tub,Front desk [24-hour],Luggage storage,Breakfast [free]",2.5,7.8Very good,1535,1207
https://www.agoda.com//ambassador-hotel-hsinchu/hotel/hsinchu-tw.html?finalPriceView=1&isShowMobileAppPrice=false&cid=1891473&numberOfBedrooms=&familyMode=false&adults=1&children=0&rooms=1&maxRooms=0&checkIn=2024-06-8&isCalendarCallout=false&childAges=&numberOfGuest=0&missingChildAges=false&travellerType=3&showReviewSubmissionEntry=false&currencyCode=TWD&isFreeOccSearch=false&tag=a7b18665-a99b-a319-1ff1-fb95c7d3fe4a&los=7&searchrequestid=ba642510-d129-40e6-87ee-8b1f86b19e61,https://pix8.agoda.net/hotelImages/8609/-1/809d295273b49ca76140f102168fae73.jpg?ca=13&ce=1&s=1024x768,Ambassador Hotel Hsinchu,"188 Section 2 of Zhonghua Road East District,  Hsinchu,  Taiwan,  ROC, Hsinchu City, Hsinchu, Taiwan, 300 ","The car parking and the Wi-Fi are always free, so you can stay in touch and come and go as you please. Strategically situated in Hsinchu City, allowing you access and proximity to local attractions and sights. Don't leave before paying a visit to the famous Leofoo Village Theme Park.  Rated with 5 stars, this high-quality property provides guests with access to massage, restaurant and hot tub on-site.","Front desk [24-hour],Airport transfer,Valet parking,Shuttle service,Swimming pool [indoor],Hot tub,Free Wi-Fi in all rooms!,Luggage storage",5,8.8Excellent,6032,6362
https://www.agoda.com//a-plus-boutique-hotel-h9450345/hotel/hsinchu-tw.html?finalPriceView=1&isShowMobileAppPrice=false&cid=1891473&numberOfBedrooms=&familyMode=false&adults=1&children=0&rooms=1&maxRooms=0&checkIn=2024-06-8&isCalendarCallout=false&childAges=&numberOfGuest=0&missingChildAges=false&travellerType=3&showReviewSubmissionEntry=false&currencyCode=TWD&isFreeOccSearch=false&tag=a7b18665-a99b-a319-1ff1-fb95c7d3fe4a&los=7&searchrequestid=cf2b491e-37f5-40c8-aa5d-8ce83a485478,https://pix8.agoda.net/hotelImages/18513118/-1/2b52449a3c1706953ccde07d9a292583.jpg?ca=14&ce=1&s=1024x768,Grand Crystal Hotel,"No. 49, Guanxin Second Street, Hsinchu City, Hsinchu, Taiwan ","Get your trip off to a great start with a stay at this property, which offers free Wi-Fi in all rooms. Conveniently situated in the Hsinchu City part of Hsinchu, this property puts you close to attractions and interesting dining options. Don't leave before paying a visit to the famous Leofoo Village Theme Park.  This 3-star property is packed with in-house facilities to improve the quality and joy of your stay.","Airport transfer,Free Wi-Fi in all rooms!,Front desk [24-hour],Luggage storage,Laundry service,Room service,Tours,Wi-Fi in public areas",3,8.5Excellent,721,Not Found
"https://www.agoda.com//hold-me-hotel-zhongzheng/hotel/hsinchu-tw.html?finalPriceView=1&isShowMobileAppPrice=false&cid=1891473&numberOfBedrooms=&familyMode=false&adults=1&children=0&rooms=1&maxRooms=0&checkIn=2024-06-8&isCalendarCallout=false&childAges=&numberOfGuest=0&missingChildAges=false&travellerType=3&showReviewSubmissionEntry=false&currencyCode=TWD&isFreeOccSearch=false&tag=a7b18665-a99b-a319-1ff1-fb95c7d3fe4a&tspTypes=1,16&los=7&searchrequestid=ba642510-d129-40e6-87ee-8b1f86b19e61",https://pix8.agoda.net/hotelImages/303/303916/303916_15091712390036128592.jpg?ca=5&ce=1&s=1024x768,Hold Me Hotel  Zhongzheng,"11F., No.107, Zhongzheng Rd, Hsinchu City, Hsinchu, Taiwan, 300 ","Get your trip off to a great start with a stay at this property, which offers free Wi-Fi in all rooms. Strategically situated in Hsinchu City, allowing you access and proximity to local attractions and sights. Don't leave before paying a visit to the famous Leofoo Village Theme Park.  This 3-star property features restaurant to make your stay more indulgent and memorable.","Front desk [24-hour],Free Wi-Fi in all rooms!,Check-in/out [express],Luggage storage,Breakfast [free],Restaurants,Coffee shop,Safety deposit boxes",3,8.7Excellent,3085,1780
https://www.agoda.com//i-need/hotel/all/hsinchu-tw.html?finalPriceView=1&isShowMobileAppPrice=false&cid=1891473&numberOfBedrooms=&familyMode=false&adults=1&children=0&rooms=1&maxRooms=0&checkIn=2024-06-8&isCalendarCallout=false&childAges=&numberOfGuest=0&missingChildAges=false&travellerType=3&showReviewSubmissionEntry=false&currencyCode=TWD&isFreeOccSearch=false&tag=a7b18665-a99b-a319-1ff1-fb95c7d3fe4a&los=7&searchrequestid=ba642510-d129-40e6-87ee-8b1f86b19e61,https://q-xx.bstatic.com/xdata/images/hotel/max1024x768/532557997.jpg?k=0ff0d973316b1df21bb820f0bcc16b039870cb9b2236fa79c21bc2b850088864&o=,i NEED Motel,"No. 379, Kengzikou, , Hsinchu, Hsinchu, Taiwan, 304 ","Conveniently situated in the Hsinchu part of Hsinchu, this property puts you close to attractions and interesting dining options.","Car park,Free Wi-Fi in all rooms!,Front desk [24-hour],Room service,Wi-Fi in public areas,Air conditioning in public area,Non-smoking rooms,Internet services",Not available,9.2Exceptional,9,2350
https://www.agoda.com//zuo-an-homestay/hotel/all/hsinchu-tw.html?finalPriceView=1&isShowMobileAppPrice=false&cid=1891473&numberOfBedrooms=&familyMode=false&adults=1&children=0&rooms=1&maxRooms=0&checkIn=2024-06-8&isCalendarCallout=false&childAges=&numberOfGuest=0&missingChildAges=false&travellerType=3&showReviewSubmissionEntry=false&currencyCode=TWD&isFreeOccSearch=false&tag=a7b18665-a99b-a319-1ff1-fb95c7d3fe4a&tspTypes=2&los=7&searchrequestid=3d147883-c05f-4f75-9184-22df48c64768,https://q-xx.bstatic.com/xdata/images/hotel/max1024x768/229660549.jpg?k=25f9a90e569d86a440f97f37e3a280d0c1d24d9fefe66180a8611063cf20f46c&o=,Zuo An Homestay,"Hengshan Township, Hsinchu, Taiwan ","Conveniently situated in the Hengshan Township part of Hsinchu, this property puts you close to attractions and interesting dining options.","Free Wi-Fi in all rooms!,Wi-Fi in public areas,Family room,Air conditioning in public area,Non-smoking rooms,Internet services,Chinese [Mandarin]",Not available,7.9Very good,177,2597
https://www.agoda.com//leofoo-resort-guanshi/hotel/hsinchu-tw.html?finalPriceView=1&isShowMobileAppPrice=false&cid=1891473&numberOfBedrooms=&familyMode=false&adults=1&children=0&rooms=1&maxRooms=0&checkIn=2024-06-8&isCalendarCallout=false&childAges=&numberOfGuest=0&missingChildAges=false&travellerType=3&showReviewSubmissionEntry=false&currencyCode=TWD&isFreeOccSearch=false&tag=a7b18665-a99b-a319-1ff1-fb95c7d3fe4a&los=7&searchrequestid=ba642510-d129-40e6-87ee-8b1f86b19e61,https://pix8.agoda.net/hotelImages/237243/-1/f7e74047982899792fa5f8b9d5f11fe4.jpg?ce=0&s=1024x768,Leofoo Resort Guanshi,"No.60, Gongzigou, Guanxi, Hsinchu, Taiwan, 306 ","The car parking and the Wi-Fi are always free, so you can stay in touch and come and go as you please. Conveniently situated in the Guanxi part of Hsinchu, this property puts you close to attractions and interesting dining options. Don't leave before paying a visit to the famous Leofoo Village Theme Park.  This 4-star property features restaurant to make your stay more indulgent and memorable.","Front desk [24-hour],Airport transfer,Car park,Shuttle service,Kids club,Game room,Free Wi-Fi in all rooms!,Luggage storage",4,7.7Very good,3169, 11799
"https://www.agoda.com//uni-resort-mawudu/hotel/hsinchu-tw.html?finalPriceView=1&isShowMobileAppPrice=false&cid=1891473&numberOfBedrooms=&familyMode=false&adults=1&children=0&rooms=1&maxRooms=0&checkIn=2024-06-8&isCalendarCallout=false&childAges=&numberOfGuest=0&missingChildAges=false&travellerType=3&showReviewSubmissionEntry=false&currencyCode=TWD&isFreeOccSearch=false&tag=a7b18665-a99b-a319-1ff1-fb95c7d3fe4a&tspTypes=4,16&los=7&searchrequestid=cf2b491e-37f5-40c8-aa5d-8ce83a485478",https://pix8.agoda.net/hotelImages/292675/-1/c4a41b3ee443eefad3b915d19f2dcc2b.jpg?ce=0&s=1024x768,Uni Resort-Mawudu,"No. 34, Mawudu, Guanxi, Hsinchu, Taiwan, 30649 ","The car parking and the Wi-Fi are always free, so you can stay in touch and come and go as you please. Conveniently situated in the Guanxi part of Hsinchu, this property puts you close to attractions and interesting dining options. Don't leave before paying a visit to the famous Leofoo Village Theme Park.  Rated with 4 stars, this high-quality property provides guests with access to restaurant, fitness center and indoor pool on-site.","Car park,Free Wi-Fi in all rooms!,Front desk [24-hour],Check-in/out [express],Swimming pool [indoor],Kids club,BBQ facilities,Luggage storage",4,7.7Very good,993,4915
https://www.agoda.com//tuscany-garden-b-b/hotel/all/hsinchu-tw.html?finalPriceView=1&isShowMobileAppPrice=false&cid=1891473&numberOfBedrooms=&familyMode=false&adults=1&children=0&rooms=1&maxRooms=0&checkIn=2024-06-8&isCalendarCallout=false&childAges=&numberOfGuest=0&missingChildAges=false&travellerType=3&showReviewSubmissionEntry=false&currencyCode=TWD&isFreeOccSearch=false&tag=a7b18665-a99b-a319-1ff1-fb95c7d3fe4a&tspTypes=16&los=7&searchrequestid=3d147883-c05f-4f75-9184-22df48c64768,https://q-xx.bstatic.com/xdata/images/hotel/max1024x768/121693397.jpg?k=dada10b7514f6499aaceeefa7b49dd6131497b7a09bd203b06bfe0fa53dd401f&o=,Tuscany Garden B&B,"Guanxi, Hsinchu, Taiwan ","Conveniently situated in the Guanxi part of Hsinchu, this property puts you close to attractions and interesting dining options.","Airport transfer,Car park,Shuttle service,Free Wi-Fi in all rooms!,Game room,Coffee shop,Restaurants,Wi-Fi in public areas",Not available,8.0Excellent,95,3420
"https://www.agoda.com//fun-house-business-hotel-hsinchu/hotel/hsinchu-tw.html?finalPriceView=1&isShowMobileAppPrice=false&cid=1891473&numberOfBedrooms=&familyMode=false&adults=1&children=0&rooms=1&maxRooms=0&checkIn=2024-06-8&isCalendarCallout=false&childAges=&numberOfGuest=0&missingChildAges=false&travellerType=3&showReviewSubmissionEntry=false&currencyCode=TWD&isFreeOccSearch=false&tag=a7b18665-a99b-a319-1ff1-fb95c7d3fe4a&tspTypes=9,16&los=7&searchrequestid=ba642510-d129-40e6-87ee-8b1f86b19e61",https://pix8.agoda.net/hotelImages/868/868114/868114_15030318010025756260.jpg?ca=3&ce=1&s=1024x768,Xin Yuan Hotel,"No.223, Minquan Road, Hsinchu City, Hsinchu, Taiwan, 30043 ","Get your trip off to a great start with a stay at this property, which offers free Wi-Fi in all rooms. Strategically situated in Hsinchu City, allowing you access and proximity to local attractions and sights. Don't leave before paying a visit to the famous Leofoo Village Theme Park. ","Pets allowed,Free Wi-Fi in all rooms!,Front desk [24-hour],Check-in/out [express],Luggage storage,Wi-Fi in public areas,Family room,Smoking area",2.5,7.4Very good,1112,1185
"https://www.agoda.com//fuhung-hotel/hotel/hsinchu-tw.html?finalPriceView=1&isShowMobileAppPrice=false&cid=1891473&numberOfBedrooms=&familyMode=false&adults=1&children=0&rooms=1&maxRooms=0&checkIn=2024-06-8&isCalendarCallout=false&childAges=&numberOfGuest=0&missingChildAges=false&travellerType=3&showReviewSubmissionEntry=false&currencyCode=TWD&isFreeOccSearch=false&tag=a7b18665-a99b-a319-1ff1-fb95c7d3fe4a&tspTypes=9,16&los=7&searchrequestid=ba642510-d129-40e6-87ee-8b1f86b19e61",https://pix8.agoda.net/hotelImages/574898/-1/69d31bfc10468b683792a39e6f22a874.jpg?ca=11&ce=1&s=1024x768,Moon Light Hotel,"No.128, Dongmen St, Hsinchu City, Hsinchu, Taiwan, 30041 ","Get your trip off to a great start with a stay at this property, which offers free Wi-Fi in all rooms. Strategically situated in Hsinchu City, allowing you access and proximity to local attractions and sights. Don't leave before paying a visit to the famous Leofoo Village Theme Park.  This 3-star property features restaurant to make your stay more indulgent and memorable.","Front desk [24-hour],Airport transfer,Bicycle rental,Pets allowed,Free Wi-Fi in all rooms!,Check-in/out [express],Luggage storage,Coffee shop",3,7.5Very good,2229,1249
https://www.agoda.com//yuhao-hotel-zhubei/hotel/hsinchu-tw.html?finalPriceView=1&isShowMobileAppPrice=false&cid=1891473&numberOfBedrooms=&familyMode=false&adults=1&children=0&rooms=1&maxRooms=0&checkIn=2024-06-8&isCalendarCallout=false&childAges=&numberOfGuest=0&missingChildAges=false&travellerType=3&showReviewSubmissionEntry=false&currencyCode=TWD&isFreeOccSearch=false&tag=a7b18665-a99b-a319-1ff1-fb95c7d3fe4a&los=7&searchrequestid=ba642510-d129-40e6-87ee-8b1f86b19e61,https://pix8.agoda.net/hotelImages/736997/-1/e0883ecd8b338e356e50185e2079d5a7.jpg?ce=0&s=1024x768,Hotel Bonza,"No.7, Xinyi St., Hsinchu, Hsinchu, Taiwan, 30242  ","The car parking and the Wi-Fi are always free, so you can stay in touch and come and go as you please. Conveniently situated in the Hsinchu part of Hsinchu, this property puts you close to attractions and interesting dining options. Don't leave before paying a visit to the famous Leofoo Village Theme Park.  Rated with 3 stars, this high-quality property provides guests with access to restaurant, hot tub and fitness center on-site.","Front desk [24-hour],Airport transfer,Bicycle rental,Car park,Fitness center,Hot tub,Free Wi-Fi in all rooms!,Check-in/out [express]",3,8.1Excellent,2037,2492
https://www.agoda.com//persimmon-hotel/hotel/hsinchu-tw.html?finalPriceView=1&isShowMobileAppPrice=false&cid=1891473&numberOfBedrooms=&familyMode=false&adults=1&children=0&rooms=1&maxRooms=0&checkIn=2024-06-8&isCalendarCallout=false&childAges=&numberOfGuest=0&missingChildAges=false&travellerType=3&showReviewSubmissionEntry=false&currencyCode=TWD&isFreeOccSearch=false&tag=a7b18665-a99b-a319-1ff1-fb95c7d3fe4a&tspTypes=3&los=7&searchrequestid=ba642510-d129-40e6-87ee-8b1f86b19e61,https://pix8.agoda.net/hotelImages/245/245730/245730_16052511110042698831.jpg?ca=6&ce=1&s=1024x768,Persimmon Hotel,"No.5 , Ln.23 , Datong Rd , East Dist., Hsinchu, Taiwan, Hsinchu City, Hsinchu, Taiwan, 30042 ","The car parking and the Wi-Fi are always free, so you can stay in touch and come and go as you please. Strategically situated in Hsinchu City, allowing you access and proximity to local attractions and sights. Don't leave before paying a visit to the famous Leofoo Village Theme Park.  This 3-star property features restaurant to make your stay more indulgent and memorable.","Pets allowed,Car park,Free Wi-Fi in all rooms!,Front desk [24-hour],Game room,Bicycles,Check-in/out [express],Luggage storage",3,7.1Very good,2612,998
"https://www.agoda.com//hotel-avenue/hotel/taoyuan-tw.html?finalPriceView=1&isShowMobileAppPrice=false&cid=1891473&numberOfBedrooms=&familyMode=false&adults=1&children=0&rooms=1&maxRooms=0&checkIn=2024-06-8&isCalendarCallout=false&childAges=&numberOfGuest=0&missingChildAges=false&travellerType=3&showReviewSubmissionEntry=false&currencyCode=TWD&isFreeOccSearch=false&tag=a7b18665-a99b-a319-1ff1-fb95c7d3fe4a&tspTypes=1,16,8&los=7&searchrequestid=ba642510-d129-40e6-87ee-8b1f86b19e61",https://pix8.agoda.net/hotelImages/22751284/-1/d233961519209bac318ae3d6126b8eb9.jpg?ce=0&s=1024x768,Hotel Avenue,"No. 358, Beida Road, Hsinchu City, Hsinchu, Taiwan, 300 ","Get your trip off to a great start with a stay at this property, which offers free Wi-Fi in all rooms. Conveniently situated in the Hsinchu City part of Hsinchu, this property puts you close to attractions and interesting dining options. Don't leave before paying a visit to the famous Leofoo Village Theme Park. ","Front desk [24-hour],Free Wi-Fi in all rooms!,Luggage storage,Check-in/out [private],Kids club,Fitness center,Family room,Laundry service",Not available,8.6Excellent,1173,1564
https://www.agoda.com//wego-boutique-hotel-hsinchu/hotel/hsinchu-tw.html?finalPriceView=1&isShowMobileAppPrice=false&cid=1891473&numberOfBedrooms=&familyMode=false&adults=1&children=0&rooms=1&maxRooms=0&checkIn=2024-06-8&isCalendarCallout=false&childAges=&numberOfGuest=0&missingChildAges=false&travellerType=3&showReviewSubmissionEntry=false&currencyCode=TWD&isFreeOccSearch=false&tag=a7b18665-a99b-a319-1ff1-fb95c7d3fe4a&tspTypes=16&los=7&searchrequestid=ba642510-d129-40e6-87ee-8b1f86b19e61,https://pix8.agoda.net/hotelImages/410/410450/410450_16051909420042475535.jpg?ca=6&ce=1&s=1024x768,Wego Boutique Hotel-Hsinchu,"No.137, Zhongzheng Rd, Hsinchu City, Hsinchu, Taiwan ","The car parking and the Wi-Fi are always free, so you can stay in touch and come and go as you please. Strategically situated in Hsinchu City, allowing you access and proximity to local attractions and sights. Don't leave before paying a visit to the famous Leofoo Village Theme Park.  Rated with 3 stars, this high-quality property provides guests with access to restaurant, hot tub and steamroom on-site.","Car park,Free Wi-Fi in all rooms!,Front desk [24-hour],Check-in/out [express],Hot tub,Steamroom,Luggage storage,Breakfast [free]",3,8.6Excellent,3227,2687
https://www.agoda.com//jihead-villa/hotel/hsinchu-tw.html?finalPriceView=1&isShowMobileAppPrice=false&cid=1891473&numberOfBedrooms=&familyMode=false&adults=1&children=0&rooms=1&maxRooms=0&checkIn=2024-06-8&isCalendarCallout=false&childAges=&numberOfGuest=0&missingChildAges=false&travellerType=3&showReviewSubmissionEntry=false&currencyCode=TWD&isFreeOccSearch=false&tag=a7b18665-a99b-a319-1ff1-fb95c7d3fe4a&los=7&searchrequestid=3d147883-c05f-4f75-9184-22df48c64768,https://pix8.agoda.net/hotelImages/35720981/-1/881689f7bb0380aa09247c5bf67459c6.jpg?ce=0&s=1024x768,Jihead Villa,"Hsinchu, Hsinchu, Taiwan ","The car parking and the Wi-Fi are always free, so you can stay in touch and come and go as you please. Conveniently situated in the Hsinchu part of Hsinchu, this property puts you close to attractions and interesting dining options. Don't leave before paying a visit to the famous Leofoo Village Theme Park.  This 3-star property features restaurant to make your stay more indulgent and memorable.","Front desk [24-hour],Valet parking,Pets allowed,Shuttle service,Game room,Free Wi-Fi in all rooms!,Check-in/out [express],BBQ facilities",3,7.7Very good,33,692
https://www.agoda.com//baseball-hotel/hotel/all/hsinchu-tw.html?finalPriceView=1&isShowMobileAppPrice=false&cid=1891473&numberOfBedrooms=&familyMode=false&adults=1&children=0&rooms=1&maxRooms=0&checkIn=2024-06-8&isCalendarCallout=false&childAges=&numberOfGuest=0&missingChildAges=false&travellerType=3&showReviewSubmissionEntry=false&currencyCode=TWD&isFreeOccSearch=false&tag=a7b18665-a99b-a319-1ff1-fb95c7d3fe4a&tspTypes=2&los=7&searchrequestid=3d147883-c05f-4f75-9184-22df48c64768,https://q-xx.bstatic.com/xdata/images/hotel/max1024x768/139227183.jpg?k=9a2975876bdbdae1caae385a81e2c71d087c356e93732522d47e3588a9cfe8c7&o=,Baseball Hotel,"No. 549, Xida Road, Hsinchu City, Hsinchu, Taiwan, 300 ","Conveniently situated in the Hsinchu City part of Hsinchu, this property puts you close to attractions and interesting dining options.","Airport transfer,Car park,Shuttle service,Free Wi-Fi in all rooms!,Front desk [24-hour],Luggage storage,Check-in/out [private],Laundry service",Not available,7.4Very good,497,1200
https://www.agoda.com//golden-motel/hotel/all/hsinchu-tw.html?finalPriceView=1&isShowMobileAppPrice=false&cid=1891473&numberOfBedrooms=&familyMode=false&adults=1&children=0&rooms=1&maxRooms=0&checkIn=2024-06-8&isCalendarCallout=false&childAges=&numberOfGuest=0&missingChildAges=false&travellerType=3&showReviewSubmissionEntry=false&currencyCode=TWD&isFreeOccSearch=false&tag=a7b18665-a99b-a319-1ff1-fb95c7d3fe4a&los=7&searchrequestid=ba642510-d129-40e6-87ee-8b1f86b19e61,https://q-xx.bstatic.com/xdata/images/hotel/max1024x768/365676156.jpg?k=2fcf067e76ae0d9c68af12c29676baf376415fe978719c3a6ae8c8e795031534&o=,Golden Motel,"No. 928 , Minghu Road, Hsinchu City, Hsinchu, Taiwan, 300 ","Conveniently situated in the Hsinchu City part of Hsinchu, this property puts you close to attractions and interesting dining options.","Car park,Free Wi-Fi in all rooms!,Front desk [24-hour],Hot tub,Sauna,Spa,Bicycles,Laundry service",2,7.3Very good,1187,1430
https://www.agoda.com//zj-motel-hsinchu/hotel/hsinchu-tw.html?finalPriceView=1&isShowMobileAppPrice=false&cid=1891473&numberOfBedrooms=&familyMode=false&adults=1&children=0&rooms=1&maxRooms=0&checkIn=2024-06-8&isCalendarCallout=false&childAges=&numberOfGuest=0&missingChildAges=false&travellerType=3&showReviewSubmissionEntry=false&currencyCode=TWD&isFreeOccSearch=false&tag=a7b18665-a99b-a319-1ff1-fb95c7d3fe4a&tspTypes=16&los=7&searchrequestid=ba642510-d129-40e6-87ee-8b1f86b19e61,https://pix8.agoda.net/hotelImages/1120986/-1/96c8484779da9ae691630b5fe2b2207a.jpg?ca=6&ce=1&s=1024x768,ZJ-Motel Hsinchu,"No.18, Lane 53, Dongnan Street,, Hsinchu City, Hsinchu, Taiwan, 30062 ","The car parking and the Wi-Fi are always free, so you can stay in touch and come and go as you please. Conveniently situated in the Hsinchu City part of Hsinchu, this property puts you close to attractions and interesting dining options. Don't leave before paying a visit to the famous Leofoo Village Theme Park.  As an added bonus, restaurant is provided on-site to conveniently serve your needs.","Car park,Free Wi-Fi in all rooms!,Front desk [24-hour],Check-in/out [express],Luggage storage,Laundry service,Restaurants,Room service",2,8.3Excellent,1472,2580
"https://www.agoda.com//wan-yue-b-b_3/hotel/all/hsinchu-tw.html?finalPriceView=1&isShowMobileAppPrice=false&cid=1891473&numberOfBedrooms=&familyMode=false&adults=1&children=0&rooms=1&maxRooms=0&checkIn=2024-06-8&isCalendarCallout=false&childAges=&numberOfGuest=0&missingChildAges=false&travellerType=3&showReviewSubmissionEntry=false&currencyCode=TWD&isFreeOccSearch=false&tag=a7b18665-a99b-a319-1ff1-fb95c7d3fe4a&tspTypes=1,16&los=7&searchrequestid=3d147883-c05f-4f75-9184-22df48c64768",https://q-xx.bstatic.com/xdata/images/hotel/max1024x768/263820505.jpg?k=87dd223f3a490abd2007af8ae4f20e53626ea31c00ff1347295713490f0b33a8&o=,Wan-Yue B&B,"Hengshan Township, Hsinchu, Taiwan ","Conveniently situated in the Hengshan Township part of Hsinchu, this property puts you close to attractions and interesting dining options.","Airport transfer,Car park,Shuttle service,Free Wi-Fi in all rooms!,Luggage storage,Contactless check-in/out,Tours,Wi-Fi in public areas",Not available,8.7Excellent,568,2628
https://www.agoda.com//carlton-hotel-beida/hotel/hsinchu-tw.html?finalPriceView=1&isShowMobileAppPrice=false&cid=1891473&numberOfBedrooms=&familyMode=false&adults=1&children=0&rooms=1&maxRooms=0&checkIn=2024-06-8&isCalendarCallout=false&childAges=&numberOfGuest=0&missingChildAges=false&travellerType=3&showReviewSubmissionEntry=false&currencyCode=TWD&isFreeOccSearch=false&tag=a7b18665-a99b-a319-1ff1-fb95c7d3fe4a&los=7&searchrequestid=cf2b491e-37f5-40c8-aa5d-8ce83a485478,https://pix8.agoda.net/hotelImages/216203/-1/e418453d158d94fbd6848e024d416ed5.jpg?ca=0&ce=1&s=1024x768,Carlton Hotel Hsinchu,"225, Bei Da Road,, Hsinchu City, Hsinchu, Taiwan, 300 ","The car parking and the Wi-Fi are always free, so you can stay in touch and come and go as you please. Strategically situated in Hsinchu City, allowing you access and proximity to local attractions and sights. Don't leave before paying a visit to the famous Leofoo Village Theme Park.  Rated with 4 stars, this high-quality property provides guests with access to restaurant and fitness center on-site.","Front desk [24-hour],Car park,Free Wi-Fi in all rooms!,Luggage storage,Fitness center,Game room,Restaurants,Laundry service",4,8.1Excellent,3395, 2826
"https://www.agoda.com//the-young-hotel_2/hotel/hsinchu-tw.html?finalPriceView=1&isShowMobileAppPrice=false&cid=1891473&numberOfBedrooms=&familyMode=false&adults=1&children=0&rooms=1&maxRooms=0&checkIn=2024-06-8&isCalendarCallout=false&childAges=&numberOfGuest=0&missingChildAges=false&travellerType=3&showReviewSubmissionEntry=false&currencyCode=TWD&isFreeOccSearch=false&tag=a7b18665-a99b-a319-1ff1-fb95c7d3fe4a&tspTypes=9,16,8&los=7&searchrequestid=ba642510-d129-40e6-87ee-8b1f86b19e61",https://pix8.agoda.net/hotelImages/2325256/-1/a8c9b66c55c52711b7db366cb484cbb2.jpg?ca=8&ce=1&s=1024x768,The Cloud Hotel,"102 新泰路, Hsinchu, Hsinchu, Taiwan, 302 ","Get your trip off to a great start with a stay at this property, which offers free Wi-Fi in all rooms. Conveniently situated in the Hsinchu part of Hsinchu, this property puts you close to attractions and interesting dining options. Don't leave before paying a visit to the famous Leofoo Village Theme Park.  This 3-star property is packed with in-house facilities to improve the quality and joy of your stay.","Front desk [24-hour],Airport transfer,Car park,Free Wi-Fi in all rooms!,Check-in/out [express],Luggage storage,Family room,Laundry service",3,8.2Excellent,2378,1998
"https://www.agoda.com//yuhao-hotel-hsinchu/hotel/hsinchu-tw.html?finalPriceView=1&isShowMobileAppPrice=false&cid=1891473&numberOfBedrooms=&familyMode=false&adults=1&children=0&rooms=1&maxRooms=0&checkIn=2024-06-8&isCalendarCallout=false&childAges=&numberOfGuest=0&missingChildAges=false&travellerType=3&showReviewSubmissionEntry=false&currencyCode=TWD&isFreeOccSearch=false&tag=a7b18665-a99b-a319-1ff1-fb95c7d3fe4a&tspTypes=1,16&los=7&searchrequestid=ba642510-d129-40e6-87ee-8b1f86b19e61",https://pix8.agoda.net/hotelImages/393739/-1/6fcd1091bef15a0514f469898667799d.jpg?ca=8&ce=1&s=1024x768,Yuhao Hotel - Hsinchu,"No.22, Fuxing Rd., East Dist., Hsinchu City, Hsinchu, Taiwan, 300 30242 ","Get your trip off to a great start with a stay at this property, which offers free Wi-Fi in all rooms. Strategically situated in Hsinchu City, allowing you access and proximity to local attractions and sights. Don't leave before paying a visit to the famous Leofoo Village Theme Park.  This 3-star property is packed with in-house facilities to improve the quality and joy of your stay.","Front desk [24-hour],Airport transfer,Shuttle service,Free Wi-Fi in all rooms!,Luggage storage,Check-in/out [private],Restaurants,Laundry service",3,8.2Excellent,1975,1659
"https://www.agoda.com//hua-tai-hotel_2/hotel/hsinchu-tw.html?finalPriceView=1&isShowMobileAppPrice=false&cid=1891473&numberOfBedrooms=&familyMode=false&adults=1&children=0&rooms=1&maxRooms=0&checkIn=2024-06-8&isCalendarCallout=false&childAges=&numberOfGuest=0&missingChildAges=false&travellerType=3&showReviewSubmissionEntry=false&currencyCode=TWD&isFreeOccSearch=false&tag=a7b18665-a99b-a319-1ff1-fb95c7d3fe4a&tspTypes=2,16&los=7&searchrequestid=ba642510-d129-40e6-87ee-8b1f86b19e61",https://pix8.agoda.net/hotelImages/7431716/-1/f015efb834913046c9b208a41e02323c.jpg?ce=0&s=1024x768,Hua Tai Hotel,"No.15, Shengli Rd., East Dist., Hsinchu City, Hsinchu City, Hsinchu, Taiwan, 30045 ","Get your trip off to a great start with a stay at this property, which offers free Wi-Fi in all rooms. Strategically situated in Hsinchu City, allowing you access and proximity to local attractions and sights. Don't leave before paying a visit to the famous Leofoo Village Theme Park.  This 3-star property features restaurant to make your stay more indulgent and memorable.","Front desk [24-hour],Bicycle rental,Car park,Shuttle service,Free Wi-Fi in all rooms!,Check-in/out [express],Luggage storage,Breakfast [free]",3,7.8Very good,1152,1083
https://www.agoda.com//aj-hotel_2/hotel/hsinchu-tw.html?finalPriceView=1&isShowMobileAppPrice=false&cid=1891473&numberOfBedrooms=&familyMode=false&adults=1&children=0&rooms=1&maxRooms=0&checkIn=2024-06-8&isCalendarCallout=false&childAges=&numberOfGuest=0&missingChildAges=false&travellerType=3&showReviewSubmissionEntry=false&currencyCode=TWD&isFreeOccSearch=false&tag=a7b18665-a99b-a319-1ff1-fb95c7d3fe4a&tspTypes=16&los=7&searchrequestid=ba642510-d129-40e6-87ee-8b1f86b19e61,https://pix8.agoda.net/hotelImages/4168034/-1/1995946893e0d2943dc1734816d2a580.jpg?ca=10&ce=1&s=1024x768,AJ Hotel,"14F, No.168, Sec. 2, Fuxing 3rd Rd., Zhubei City, Hsinchu, Hsinchu, Taiwan, 30273 ","Get your trip off to a great start with a stay at this property, which offers free Wi-Fi in all rooms. Conveniently situated in the Hsinchu part of Hsinchu, this property puts you close to attractions and interesting dining options. Don't leave before paying a visit to the famous Leofoo Village Theme Park.  Rated with 4 stars, this high-quality property provides guests with access to restaurant, hot tub and fitness center on-site.","Airport transfer,Car park,Shuttle service,Free Wi-Fi in all rooms!,Fitness center,Hot tub,Front desk [24-hour],Check-in/out [express]",4,8.8Excellent,3976,3456
"https://www.agoda.com//crystal-business-motel/hotel/hsinchu-tw.html?finalPriceView=1&isShowMobileAppPrice=false&cid=1891473&numberOfBedrooms=&familyMode=false&adults=1&children=0&rooms=1&maxRooms=0&checkIn=2024-06-8&isCalendarCallout=false&childAges=&numberOfGuest=0&missingChildAges=false&travellerType=3&showReviewSubmissionEntry=false&currencyCode=TWD&isFreeOccSearch=false&tag=a7b18665-a99b-a319-1ff1-fb95c7d3fe4a&tspTypes=2,16&los=7&searchrequestid=3d147883-c05f-4f75-9184-22df48c64768",https://pix8.agoda.net/hotelImages/8351078/0/f0a733c80f86afb753cd02c093ade6e5.jpeg?s=1024x768,Crystal Business Motel,"No. 75, Shengjun o. 75, Shengjun Rd., North Dist., Hsinchu City, Hsinchu City, Hsinchu, Taiwan, 30058 ","The car parking and the Wi-Fi are always free, so you can stay in touch and come and go as you please. Conveniently situated in the Hsinchu City part of Hsinchu, this property puts you close to attractions and interesting dining options. Don't leave before paying a visit to the famous Leofoo Village Theme Park.  As an added bonus, hot tub is provided on-site to conveniently serve your needs.","Airport transfer,Car park,Free Wi-Fi in all rooms!,Front desk [24-hour],Hot tub,Check-in/out [express],Luggage storage,Breakfast [free]",Not available,7.9Very good,591,2006
https://www.agoda.com//bin-city-hotel/hotel/hsinchu-tw.html?finalPriceView=1&isShowMobileAppPrice=false&cid=1891473&numberOfBedrooms=&familyMode=false&adults=1&children=0&rooms=1&maxRooms=0&checkIn=2024-06-8&isCalendarCallout=false&childAges=&numberOfGuest=0&missingChildAges=false&travellerType=3&showReviewSubmissionEntry=false&currencyCode=TWD&isFreeOccSearch=false&tag=a7b18665-a99b-a319-1ff1-fb95c7d3fe4a&tspTypes=16&los=7&searchrequestid=ba642510-d129-40e6-87ee-8b1f86b19e61,https://pix8.agoda.net/hotelImages/256/256292/256292_14070319310020146013.jpg?ca=2&ce=1&s=1024x768,Bin City Hotel,"5F, No 13 Zhongzheng Road, Hsinchu City, Hsinchu, Taiwan, 300 ","Get your trip off to a great start with a stay at this property, which offers free Wi-Fi in all rooms. Strategically situated in Hsinchu City, allowing you access and proximity to local attractions and sights. Don't leave before paying a visit to the famous Leofoo Village Theme Park.  This 3-star property features restaurant to make your stay more indulgent and memorable.","Front desk [24-hour],Pets allowed,Car park,Free Wi-Fi in all rooms!,Check-in/out [express],Luggage storage,Restaurants,Room service [24-hour]",3,7.6Very good,2503,1061
"https://www.agoda.com//cd-motel/hotel/hsinchu-tw.html?finalPriceView=1&isShowMobileAppPrice=false&cid=1891473&numberOfBedrooms=&familyMode=false&adults=1&children=0&rooms=1&maxRooms=0&checkIn=2024-06-8&isCalendarCallout=false&childAges=&numberOfGuest=0&missingChildAges=false&travellerType=3&showReviewSubmissionEntry=false&currencyCode=TWD&isFreeOccSearch=false&tag=a7b18665-a99b-a319-1ff1-fb95c7d3fe4a&tspTypes=16,-1&los=7&searchrequestid=3d147883-c05f-4f75-9184-22df48c64768",https://pix8.agoda.net/hotelImages/283/2836495/2836495_17100609510057377424.jpg?ca=6&ce=1&s=1024x768,CD Motel,"377 Section 2, Dongda Road, Hsinchu City, Hsinchu, Taiwan, 30054 ","The car parking and the Wi-Fi are always free, so you can stay in touch and come and go as you please. Conveniently situated in the Hsinchu City part of Hsinchu, this property puts you close to attractions and interesting dining options. Don't leave before paying a visit to the famous Leofoo Village Theme Park.  Restaurant and hot tub are among the special facilities that will enhance your stay with on-site convenience. ","Car park,Free Wi-Fi in all rooms!,Front desk [24-hour],Luggage storage,Check-in/out [private],Breakfast [free],Hot tub,Bar",2,7.1Very good,298,1707
https://www.agoda.com//h41037958/hotel/all/hsinchu-tw.html?finalPriceView=1&isShowMobileAppPrice=false&cid=1891473&numberOfBedrooms=&familyMode=false&adults=1&children=0&rooms=1&maxRooms=0&checkIn=2024-06-8&isCalendarCallout=false&childAges=&numberOfGuest=0&missingChildAges=false&travellerType=3&showReviewSubmissionEntry=false&currencyCode=TWD&isFreeOccSearch=false&tag=a7b18665-a99b-a319-1ff1-fb95c7d3fe4a&los=7&searchrequestid=3d147883-c05f-4f75-9184-22df48c64768,https://q-xx.bstatic.com/xdata/images/hotel/max1024x768/462045758.jpg?k=caca0e99d78b842cec66e450d884d45d2185c5edab6151f409f10b5b6b46d456&o=,迦南山莊,"Wufeng Township, Hsinchu, Taiwan ","Conveniently situated in the Wufeng Township part of Hsinchu, this property puts you close to attractions and interesting dining options.","Car park,Free Wi-Fi in all rooms!,Wi-Fi in public areas,Family room,Smoke-free property,Non-smoking rooms,Internet services,Chinese [Mandarin]",Not available,7.9Very good,29,2981
https://www.agoda.com//hsinchu-101-hotel/hotel/hsinchu-tw.html?finalPriceView=1&isShowMobileAppPrice=false&cid=1891473&numberOfBedrooms=&familyMode=false&adults=1&children=0&rooms=1&maxRooms=0&checkIn=2024-06-8&isCalendarCallout=false&childAges=&numberOfGuest=0&missingChildAges=false&travellerType=3&showReviewSubmissionEntry=false&currencyCode=TWD&isFreeOccSearch=false&tag=a7b18665-a99b-a319-1ff1-fb95c7d3fe4a&tspTypes=16&los=7&searchrequestid=ba642510-d129-40e6-87ee-8b1f86b19e61,https://pix8.agoda.net/hotelImages/336760/0/bdec789e623e67450b918f864ae2b740.jpeg?s=1024x768,Hsinchu 101 Hotel,"No.480, Sec. 2, Zhonghua Rd., Hsinchu City, Hsinchu, Taiwan, 300 ","Get your trip off to a great start with a stay at this property, which offers free Wi-Fi in all rooms. Strategically situated in Hsinchu City, allowing you access and proximity to local attractions and sights. Don't leave before paying a visit to the famous Leofoo Village Theme Park.  This 3-star property is packed with in-house facilities to improve the quality and joy of your stay.","Free Wi-Fi in all rooms!,Front desk [24-hour],Check-in/out [express],Luggage storage,Laundry service,Room service,Wi-Fi in public areas,Family room",3,7.2Very good,2188,1054
https://www.agoda.com//spring-motel/hotel/hsinchu-tw.html?finalPriceView=1&isShowMobileAppPrice=false&cid=1891473&numberOfBedrooms=&familyMode=false&adults=1&children=0&rooms=1&maxRooms=0&checkIn=2024-06-8&isCalendarCallout=false&childAges=&numberOfGuest=0&missingChildAges=false&travellerType=3&showReviewSubmissionEntry=false&currencyCode=TWD&isFreeOccSearch=false&tag=a7b18665-a99b-a319-1ff1-fb95c7d3fe4a&tspTypes=16&los=7&searchrequestid=ba642510-d129-40e6-87ee-8b1f86b19e61,https://pix8.agoda.net/hotelImages/3365519/-1/f9e954faee8218296c05a85a6582acd1.jpg?ca=7&ce=1&s=1024x768,Spring Motel,"Hsinchu, Hsinchu, Taiwan ","The car parking and the Wi-Fi are always free, so you can stay in touch and come and go as you please. Conveniently situated in the Hsinchu part of Hsinchu, this property puts you close to attractions and interesting dining options. Don't leave before paying a visit to the famous Leofoo Village Theme Park.  This 3-star property features restaurant to make your stay more indulgent and memorable.","Pets allowed,Car park,Free Wi-Fi in all rooms!,Front desk [24-hour],Luggage storage,Check-in/out [private],Breakfast [free],Restaurants",3,7.1Very good,471,1498
https://www.agoda.com//shin-yuan-celeb-metro-hotel/hotel/hsinchu-tw.html?finalPriceView=1&isShowMobileAppPrice=false&cid=1891473&numberOfBedrooms=&familyMode=false&adults=1&children=0&rooms=1&maxRooms=0&checkIn=2024-06-8&isCalendarCallout=false&childAges=&numberOfGuest=0&missingChildAges=false&travellerType=3&showReviewSubmissionEntry=false&currencyCode=TWD&isFreeOccSearch=false&tag=a7b18665-a99b-a319-1ff1-fb95c7d3fe4a&tspTypes=16&los=7&searchrequestid=ba642510-d129-40e6-87ee-8b1f86b19e61,https://pix8.agoda.net/hotelImages/256/256144/256144_17070808420054323636.jpg?ca=6&ce=1&s=1024x768,Shin Yuan Celeb Metro Hotel,"No 20, Datung Road, Hsinchu City, Hsinchu, Taiwan, 300 ","Get your trip off to a great start with a stay at this property, which offers free Wi-Fi in all rooms. Strategically situated in Hsinchu City, allowing you access and proximity to local attractions and sights. Don't leave before paying a visit to the famous Leofoo Village Theme Park.  Rated with 3 stars, this high-quality property provides guests with access to restaurant and fitness center on-site.","Front desk [24-hour],Airport transfer,Car park,Shuttle service,Fitness center,Free Wi-Fi in all rooms!,Luggage storage,Check-in/out [private]",3,8.4Excellent,1145,2765
"https://www.agoda.com//forte-hotel-hsinchu_3/hotel/hsinchu-tw.html?finalPriceView=1&isShowMobileAppPrice=false&cid=1891473&numberOfBedrooms=&familyMode=false&adults=1&children=0&rooms=1&maxRooms=0&checkIn=2024-06-8&isCalendarCallout=false&childAges=&numberOfGuest=0&missingChildAges=false&travellerType=3&showReviewSubmissionEntry=false&currencyCode=TWD&isFreeOccSearch=false&tag=a7b18665-a99b-a319-1ff1-fb95c7d3fe4a&tspTypes=16,8&los=7&searchrequestid=ba642510-d129-40e6-87ee-8b1f86b19e61",https://pix8.agoda.net/hotelImages/32661971/-1/a5ae5d7b4ef8a6a0f07208552afc4f51.jpg?ce=0&s=1024x768,Guide Hotel Hsinchu Zhongyang,"106 Zhongyang Road, Hsinchu City, Hsinchu, Taiwan, 300 ","The car parking and the Wi-Fi are always free, so you can stay in touch and come and go as you please. Strategically situated in Hsinchu City, allowing you access and proximity to local attractions and sights. Don't leave before paying a visit to the famous Leofoo Village Theme Park.  This 4-star property is packed with in-house facilities to improve the quality and joy of your stay.","Front desk [24-hour],Airport transfer,Car park,Free Wi-Fi in all rooms!,Check-in/out [express],Luggage storage,Breakfast [free],Safety deposit boxes",4,8.1Excellent,3616,2970
https://www.agoda.com//jiati-business-motel/hotel/all/hsinchu-tw.html?finalPriceView=1&isShowMobileAppPrice=false&cid=1891473&numberOfBedrooms=&familyMode=false&adults=1&children=0&rooms=1&maxRooms=0&checkIn=2024-06-8&isCalendarCallout=false&childAges=&numberOfGuest=0&missingChildAges=false&travellerType=3&showReviewSubmissionEntry=false&currencyCode=TWD&isFreeOccSearch=false&tag=a7b18665-a99b-a319-1ff1-fb95c7d3fe4a&los=7&searchrequestid=3d147883-c05f-4f75-9184-22df48c64768,https://q-xx.bstatic.com/xdata/images/hotel/max1024x768/501780701.jpg?k=ce2cbc6142be2327a7e00520ba2fe18d1a90f160c4c0576ff342d1e3f16afaa3&o=,Jiati Business Motel,"No. 439-1, Zhonghua Road, , Hsinchu, Hsinchu, Taiwan, 302 ","Conveniently situated in the Hsinchu part of Hsinchu, this property puts you close to attractions and interesting dining options.","Car park,Front desk [24-hour],Check-in/out [private],Family room,Smoke-free property,First aid kit,Food delivery,Temperature check for guests and staff",Not available,6.9Good,90,1529
"https://www.agoda.com//chuanlai-hotel/hotel/hsinchu-tw.html?finalPriceView=1&isShowMobileAppPrice=false&cid=1891473&numberOfBedrooms=&familyMode=false&adults=1&children=0&rooms=1&maxRooms=0&checkIn=2024-06-8&isCalendarCallout=false&childAges=&numberOfGuest=0&missingChildAges=false&travellerType=3&showReviewSubmissionEntry=false&currencyCode=TWD&isFreeOccSearch=false&tag=a7b18665-a99b-a319-1ff1-fb95c7d3fe4a&tspTypes=6,16&los=7&searchrequestid=ba642510-d129-40e6-87ee-8b1f86b19e61",https://pix8.agoda.net/hotelImages/256296/-1/3ce023738ca45fc9f913b2b30fd524b8.jpg?ca=11&ce=1&s=1024x768,heyue hotel,"No. 417, Xida Road, East District, Hsinchu City, Hsinchu, Taiwan, 300 ","The car parking and the Wi-Fi are always free, so you can stay in touch and come and go as you please. Conveniently situated in the Hsinchu City part of Hsinchu, this property puts you close to attractions and interesting dining options. Don't leave before paying a visit to the famous Leofoo Village Theme Park.  This 3-star property features restaurant to make your stay more indulgent and memorable.","Front desk [24-hour],Pets allowed,Car park,Free Wi-Fi in all rooms!,Check-in/out [express],Luggage storage,Laundry service,Restaurants",3,8.1Excellent,549,1238
"https://www.agoda.com//hotel-royal-hsinchu/hotel/hsinchu-tw.html?finalPriceView=1&isShowMobileAppPrice=false&cid=1891473&numberOfBedrooms=&familyMode=false&adults=1&children=0&rooms=1&maxRooms=0&checkIn=2024-06-8&isCalendarCallout=false&childAges=&numberOfGuest=0&missingChildAges=false&travellerType=3&showReviewSubmissionEntry=false&currencyCode=TWD&isFreeOccSearch=false&tag=a7b18665-a99b-a319-1ff1-fb95c7d3fe4a&tspTypes=15,5,16,8&los=7&searchrequestid=ba642510-d129-40e6-87ee-8b1f86b19e61",https://pix8.agoda.net/hotelImages/874/8744/8744_16012516500039378314.jpg?ca=6&ce=1&s=1024x768,Hotel Royal Hsinchu,"227, Kuan-Fu Rd., Sec. 1, Hsinchu City, Hsinchu, Taiwan, 300 ","The car parking and the Wi-Fi are always free, so you can stay in touch and come and go as you please. Conveniently situated in the Hsinchu City part of Hsinchu, this property puts you close to attractions and interesting dining options. Don't leave before paying a visit to the famous Leofoo Village Theme Park.  This 5-star property features restaurant to make your stay more indulgent and memorable.","Airport transfer,Valet parking,Shuttle service,Free Wi-Fi in all rooms!,Fitness center,Swimming pool [outdoor],Front desk [24-hour],Luggage storage",5,8.8Excellent,5137,3357
https://www.agoda.com//guest-motel-zhubei/hotel/hsinchu-tw.html?finalPriceView=1&isShowMobileAppPrice=false&cid=1891473&numberOfBedrooms=&familyMode=false&adults=1&children=0&rooms=1&maxRooms=0&checkIn=2024-06-8&isCalendarCallout=false&childAges=&numberOfGuest=0&missingChildAges=false&travellerType=3&showReviewSubmissionEntry=false&currencyCode=TWD&isFreeOccSearch=false&tag=a7b18665-a99b-a319-1ff1-fb95c7d3fe4a&los=7&searchrequestid=ba642510-d129-40e6-87ee-8b1f86b19e61,https://pix8.agoda.net/hotelImages/246410/-1/8a1070c25ddc4d4b59f6098a10ad6868.jpg?ca=0&ce=1&s=1024x768,Guest Motel-Zhubei,"No.1432, Zhonghua Rd, Hsinchu, Hsinchu, Taiwan, 30267 ","The car parking and the Wi-Fi are always free, so you can stay in touch and come and go as you please. Conveniently situated in the Hsinchu part of Hsinchu, this property puts you close to attractions and interesting dining options. Don't leave before paying a visit to the famous Leofoo Village Theme Park.  This 3-star property features restaurant to make your stay more indulgent and memorable.","Front desk [24-hour],Bicycle rental,Pets allowed,Car park,Free Wi-Fi in all rooms!,Check-in/out [express],BBQ facilities,Luggage storage",3,6.6Good,841,1379
https://www.agoda.com//kingdom-hotel/hotel/hsinchu-tw.html?finalPriceView=1&isShowMobileAppPrice=false&cid=1891473&numberOfBedrooms=&familyMode=false&adults=1&children=0&rooms=1&maxRooms=0&checkIn=2024-06-8&isCalendarCallout=false&childAges=&numberOfGuest=0&missingChildAges=false&travellerType=3&showReviewSubmissionEntry=false&currencyCode=TWD&isFreeOccSearch=false&tag=a7b18665-a99b-a319-1ff1-fb95c7d3fe4a&tspTypes=9&los=7&searchrequestid=ba642510-d129-40e6-87ee-8b1f86b19e61,https://pix8.agoda.net/hotelImages/699309/-1/51c6a003f48fac730c041d67959d23df.jpg?ca=0&ce=1&s=1024x768,Kingdom Hotel,"No.238, Sec. 1, Guangfu Rd., East Dist, Hsinchu City, Hsinchu, Taiwan, 300 ","The car parking and the Wi-Fi are always free, so you can stay in touch and come and go as you please. Conveniently situated in the Hsinchu City part of Hsinchu, this property puts you close to attractions and interesting dining options. Don't leave before paying a visit to the famous Leofoo Village Theme Park.  Rated with 3.5 stars, this high-quality property provides guests with access to massage, restaurant and hot tub on-site.","Front desk [24-hour],Airport transfer,Bicycle rental,Valet parking,Fitness center,Hot tub,Free Wi-Fi in all rooms!,Check-in/out [express]",3.5,7.3Very good,1971,2147
"https://www.agoda.com//jian-shi-sky-campsite/hotel/hsinchu-tw.html?finalPriceView=1&isShowMobileAppPrice=false&cid=1891473&numberOfBedrooms=&familyMode=false&adults=1&children=0&rooms=1&maxRooms=0&checkIn=2024-06-8&isCalendarCallout=false&childAges=&numberOfGuest=0&missingChildAges=false&travellerType=3&showReviewSubmissionEntry=false&currencyCode=TWD&isFreeOccSearch=false&tag=a7b18665-a99b-a319-1ff1-fb95c7d3fe4a&tspTypes=6,16&los=7&searchrequestid=3d147883-c05f-4f75-9184-22df48c64768",https://pix8.agoda.net/hotelImages/34189292/-1/d52cf66cbd1376841ad45b97b46c2a51.png?ce=0&s=1024x768,Jian Shi Sky Campsite,"Jianshi Township, Hsinchu, Taiwan ","Conveniently situated in the Jianshi Township part of Hsinchu, this property puts you close to attractions and interesting dining options. Don't leave before paying a visit to the famous Leofoo Village Theme Park. ","Pets allowed,Car park,BBQ facilities,Contactless check-in/out,Dog-friendly,Cat-friendly,Non-smoking rooms,Internet services",Not available,8.5Excellent,40,749
https://www.agoda.com//hotel-j-metropolis/hotel/hsinchu-tw.html?finalPriceView=1&isShowMobileAppPrice=false&cid=1891473&numberOfBedrooms=&familyMode=false&adults=1&children=0&rooms=1&maxRooms=0&checkIn=2024-06-8&isCalendarCallout=false&childAges=&numberOfGuest=0&missingChildAges=false&travellerType=3&showReviewSubmissionEntry=false&currencyCode=TWD&isFreeOccSearch=false&tag=a7b18665-a99b-a319-1ff1-fb95c7d3fe4a&tspTypes=8&los=7&searchrequestid=ba642510-d129-40e6-87ee-8b1f86b19e61,https://pix8.agoda.net/hotelImages/247700/-1/7b0ea10724e138f2c0b7e7ee5c0adf95.jpg?ce=0&s=1024x768,Hotel J Metropolis,"No.16, Lane 355, Zhong Yang Rd, Hsinchu City, Hsinchu, Taiwan, 300 ","The car parking and the Wi-Fi are always free, so you can stay in touch and come and go as you please. Conveniently situated in the Hsinchu City part of Hsinchu, this property puts you close to attractions and interesting dining options. Don't leave before paying a visit to the famous Leofoo Village Theme Park.  This 3-star property is packed with in-house facilities to improve the quality and joy of your stay.","Front desk [24-hour],Airport transfer,Car park,Free Wi-Fi in all rooms!,Luggage storage,Check-in/out [private],Breakfast [buffet],Laundry service",3,7.8Very good,2516,1848
https://www.agoda.com//lakeshore-hotel-metropolis/hotel/hsinchu-tw.html?finalPriceView=1&isShowMobileAppPrice=false&cid=1891473&numberOfBedrooms=&familyMode=false&adults=1&children=0&rooms=1&maxRooms=0&checkIn=2024-06-8&isCalendarCallout=false&childAges=&numberOfGuest=0&missingChildAges=false&travellerType=3&showReviewSubmissionEntry=false&currencyCode=TWD&isFreeOccSearch=false&tag=a7b18665-a99b-a319-1ff1-fb95c7d3fe4a&los=7&searchrequestid=ba642510-d129-40e6-87ee-8b1f86b19e61,https://pix8.agoda.net/hotelImages/748405/-1/e14ded035c2395c17947e5042f1212e1.jpg?ce=0&s=1024x768,Lakeshore Hotel Metropolis,"No.177, Minsheng Rd, Hsinchu City, Hsinchu, Taiwan, 30043 ","Get your trip off to a great start with a stay at this property, which offers free Wi-Fi in all rooms. Strategically situated in Hsinchu City, allowing you access and proximity to local attractions and sights. Don't leave before paying a visit to the famous Leofoo Village Theme Park.  This 4-star property features restaurant to make your stay more indulgent and memorable.","Front desk [24-hour],Airport transfer,Car park,Free Wi-Fi in all rooms!,Luggage storage,Restaurants,Laundry service,Room service",4,8.8Excellent,7068, 4300
"https://www.agoda.com//tong-bing-express-inn-hotel/hotel/hsinchu-tw.html?finalPriceView=1&isShowMobileAppPrice=false&cid=1891473&numberOfBedrooms=&familyMode=false&adults=1&children=0&rooms=1&maxRooms=0&checkIn=2024-06-8&isCalendarCallout=false&childAges=&numberOfGuest=0&missingChildAges=false&travellerType=3&showReviewSubmissionEntry=false&currencyCode=TWD&isFreeOccSearch=false&tag=a7b18665-a99b-a319-1ff1-fb95c7d3fe4a&tspTypes=2,16&los=7&searchrequestid=ba642510-d129-40e6-87ee-8b1f86b19e61",https://pix8.agoda.net/hotelImages/547524/-1/a65ad149fe37f7c6b89d5c296a40a215.jpg?ce=0&s=1024x768,Tong Bing Express Inn Hotel,"No.14, Linsen Rd, Hsinchu City, Hsinchu, Taiwan, 300 ","Get your trip off to a great start with a stay at this property, which offers free Wi-Fi in all rooms. Strategically situated in Hsinchu City, allowing you access and proximity to local attractions and sights. Don't leave before paying a visit to the famous Leofoo Village Theme Park. ","Front desk [24-hour],Airport transfer,Free Wi-Fi in all rooms!,Check-in/out [express],Luggage storage,Breakfast [free],Bicycles,Laundry service",2.5,7.3Very good,1045,1121
https://www.agoda.com//hakka-inherited-host/hotel/all/hsinchu-tw.html?finalPriceView=1&isShowMobileAppPrice=false&cid=1891473&numberOfBedrooms=&familyMode=false&adults=1&children=0&rooms=1&maxRooms=0&checkIn=2024-06-8&isCalendarCallout=false&childAges=&numberOfGuest=0&missingChildAges=false&travellerType=3&showReviewSubmissionEntry=false&currencyCode=TWD&isFreeOccSearch=false&tag=a7b18665-a99b-a319-1ff1-fb95c7d3fe4a&tspTypes=16&los=7&searchrequestid=3d147883-c05f-4f75-9184-22df48c64768,https://q-xx.bstatic.com/xdata/images/hotel/max1024x768/161258652.jpg?k=166348f91bed9bb4c12bfd824565484edaabdc58980e2658bb040285f6c8c316&o=,Hakka Inherited Host,"Hengshan Township, Hsinchu, Taiwan ","Conveniently situated in the Hengshan Township part of Hsinchu, this property puts you close to attractions and interesting dining options.","Airport transfer,Car park,Shuttle service,Free Wi-Fi in all rooms!,BBQ facilities,Tours,Wi-Fi in public areas,Family room",Not available,7.8Very good,19,2165
https://www.agoda.com//mf-backpacker/hotel/all/hsinchu-tw.html?finalPriceView=1&isShowMobileAppPrice=false&cid=1891473&numberOfBedrooms=&familyMode=false&adults=1&children=0&rooms=1&maxRooms=0&checkIn=2024-06-8&isCalendarCallout=false&childAges=&numberOfGuest=0&missingChildAges=false&travellerType=3&showReviewSubmissionEntry=false&currencyCode=TWD&isFreeOccSearch=false&tag=a7b18665-a99b-a319-1ff1-fb95c7d3fe4a&los=7&searchrequestid=ba642510-d129-40e6-87ee-8b1f86b19e61,https://q-xx.bstatic.com/xdata/images/hotel/max1024x768/129566228.jpg?k=7a408996742ffe0b6895378d2d5065811307a6ae54ec832c46a95985724d847c&o=,想巷背包客棧,"東大路一段52巷16弄6號, Hsinchu City, Hsinchu, Taiwan, 300 ","Conveniently situated in the Hsinchu City part of Hsinchu, this property puts you close to attractions and interesting dining options.","Luggage storage,Smoke-free property,Air conditioning in public area,Non-smoking rooms,Internet services,English,Chinese [Mandarin]",Not available,7.5Very good,789,519
https://www.agoda.com//howard-plaza-hotel-hsinchu/hotel/hsinchu-tw.html?finalPriceView=1&isShowMobileAppPrice=false&cid=1891473&numberOfBedrooms=&familyMode=false&adults=1&children=0&rooms=1&maxRooms=0&checkIn=2024-06-8&isCalendarCallout=false&childAges=&numberOfGuest=0&missingChildAges=false&travellerType=3&showReviewSubmissionEntry=false&currencyCode=TWD&isFreeOccSearch=false&tag=a7b18665-a99b-a319-1ff1-fb95c7d3fe4a&los=7&searchrequestid=ba642510-d129-40e6-87ee-8b1f86b19e61,https://pix8.agoda.net/hotelImages/629/6290/6290_15090719400035717372.jpg?ca=5&ce=1&s=1024x768,Howard Plaza Hotel Hsinchu,"No. 178, Zhongzheng Road, Hsinchu City, Hsinchu, Taiwan, 300 ","The car parking and the Wi-Fi are always free, so you can stay in touch and come and go as you please. Strategically situated in Hsinchu City, allowing you access and proximity to local attractions and sights. Don't leave before paying a visit to the famous Leofoo Village Theme Park.  Rated with 4 stars, this high-quality property provides guests with access to restaurant, hot tub and fitness center on-site.","Airport transfer,Car park,Free Wi-Fi in all rooms!,Front desk [24-hour],Spa,Swimming pool [indoor],Check-in/out [express],Luggage storage",4,8.6Excellent,12200, 3180
https://www.agoda.com//royal-business-hotel/hotel/all/hsinchu-tw.html?finalPriceView=1&isShowMobileAppPrice=false&cid=1891473&numberOfBedrooms=&familyMode=false&adults=1&children=0&rooms=1&maxRooms=0&checkIn=2024-06-8&isCalendarCallout=false&childAges=&numberOfGuest=0&missingChildAges=false&travellerType=3&showReviewSubmissionEntry=false&currencyCode=TWD&isFreeOccSearch=false&tag=a7b18665-a99b-a319-1ff1-fb95c7d3fe4a&tspTypes=16&los=7&searchrequestid=ba642510-d129-40e6-87ee-8b1f86b19e61,https://q-xx.bstatic.com/xdata/images/hotel/max1024x768/400242051.jpg?k=797b4076e9f71bd2a848b82ae3121e328ff058ca68f261e4b5307f51db67e443&o=,Royal Business Hotel,"No. 167, Sec. 2, Guangfu Rd., Hsinchu City, Hsinchu, Taiwan, 300 ","Conveniently situated in the Hsinchu City part of Hsinchu, this property puts you close to attractions and interesting dining options.","Pets allowed,Front desk [24-hour],Check-in/out [express],Luggage storage,Room service,Tours,Family room,Smoking area",Not available,7.8Very good,102,1826
"https://www.agoda.com//landis-inn-chuhu/hotel/hsinchu-tw.html?finalPriceView=1&isShowMobileAppPrice=false&cid=1891473&numberOfBedrooms=&familyMode=false&adults=1&children=0&rooms=1&maxRooms=0&checkIn=2024-06-8&isCalendarCallout=false&childAges=&numberOfGuest=0&missingChildAges=false&travellerType=3&showReviewSubmissionEntry=false&currencyCode=TWD&isFreeOccSearch=false&tag=a7b18665-a99b-a319-1ff1-fb95c7d3fe4a&tspTypes=16,8&los=7&searchrequestid=ba642510-d129-40e6-87ee-8b1f86b19e61",https://pix8.agoda.net/hotelImages/125/1255185/1255185_16081213030045435222.jpg?ca=6&ce=1&s=1024x768,The HO Hotel,"No. 16, Daxue Road East Dist., Hsinchu City 300, Taiwan, Hsinchu City, Hsinchu, Taiwan, 30080 ","The car parking and the Wi-Fi are always free, so you can stay in touch and come and go as you please. Conveniently situated in the Hsinchu City part of Hsinchu, this property puts you close to attractions and interesting dining options. Don't leave before paying a visit to the famous Leofoo Village Theme Park.  Rated with 4.5 stars, this high-quality property provides guests with access to restaurant and spa on-site.","Front desk [24-hour],Airport transfer,Car park,Free Wi-Fi in all rooms!,Fitness center,Spa,Check-in/out [express],Luggage storage",4.5,8.8Excellent,6941,5895
https://www.agoda.com//hermes-hotel_2/hotel/hsinchu-tw.html?finalPriceView=1&isShowMobileAppPrice=false&cid=1891473&numberOfBedrooms=&familyMode=false&adults=1&children=0&rooms=1&maxRooms=0&checkIn=2024-06-8&isCalendarCallout=false&childAges=&numberOfGuest=0&missingChildAges=false&travellerType=3&showReviewSubmissionEntry=false&currencyCode=TWD&isFreeOccSearch=false&tag=a7b18665-a99b-a319-1ff1-fb95c7d3fe4a&tspTypes=16&los=7&searchrequestid=ba642510-d129-40e6-87ee-8b1f86b19e61,https://pix8.agoda.net/hotelImages/47292253/0/1687c384bd2995a53a5d40f35e5854b3.jpg?ce=0&s=1024x768,Hermes Hotel,"No. 606, Xida Road, Hsinchu City, Hsinchu, Taiwan, 300 ","Get your trip off to a great start with a stay at this property, which offers free Wi-Fi in all rooms. Strategically situated in Hsinchu City, allowing you access and proximity to local attractions and sights. Don't leave before paying a visit to the famous Leofoo Village Theme Park. ","Free Wi-Fi in all rooms!,Check-in/out [private],Laundry service,Safety deposit boxes,Wi-Fi in public areas,Air conditioning in public area,Internet services,Elevator",2,7.7Very good,598,544
https://www.agoda.com//lake-mountain-view-hotel/hotel/all/hsinchu-tw.html?finalPriceView=1&isShowMobileAppPrice=false&cid=1891473&numberOfBedrooms=&familyMode=false&adults=1&children=0&rooms=1&maxRooms=0&checkIn=2024-06-8&isCalendarCallout=false&childAges=&numberOfGuest=0&missingChildAges=false&travellerType=3&showReviewSubmissionEntry=false&currencyCode=TWD&isFreeOccSearch=false&tag=a7b18665-a99b-a319-1ff1-fb95c7d3fe4a&tspTypes=16&los=7&searchrequestid=ba642510-d129-40e6-87ee-8b1f86b19e61,https://q-xx.bstatic.com/xdata/images/hotel/max1024x768/546736353.jpg?k=d8f100716517a807e6e9079625f773e6ba73ef457eca9b4f9692de0997c0459e&o=,Lake Mountain View Hotel,"No.1001, Minghu Road, East District, Hsinchu City 30065, Taiwan, Hsinchu City, Hsinchu, Taiwan, 300 ","Conveniently situated in the Hsinchu City part of Hsinchu, this property puts you close to attractions and interesting dining options.","Car park,Free Wi-Fi in all rooms!,Front desk [24-hour],Luggage storage,Check-in/out [private],Hot tub,Restaurants,Room service",Not available,8.2Excellent,297,2461
"https://www.agoda.com//h35953303/hotel/hsinchu-tw.html?finalPriceView=1&isShowMobileAppPrice=false&cid=1891473&numberOfBedrooms=&familyMode=false&adults=1&children=0&rooms=1&maxRooms=0&checkIn=2024-06-8&isCalendarCallout=false&childAges=&numberOfGuest=0&missingChildAges=false&travellerType=3&showReviewSubmissionEntry=false&currencyCode=TWD&isFreeOccSearch=false&tag=a7b18665-a99b-a319-1ff1-fb95c7d3fe4a&tspTypes=5,16&los=7&searchrequestid=3d147883-c05f-4f75-9184-22df48c64768",https://pix8.agoda.net/hotelImages/35953303/-1/c3807f85c188adcd10b76fd77396e599.jpg?ce=0&s=1024x768,Xiulan SPA,"Jianshi Township, Hsinchu, Taiwan ","Get your trip off to a great start with a stay at this property, which offers free Wi-Fi in all rooms. Conveniently situated in the Jianshi Township part of Hsinchu, this property puts you close to attractions and interesting dining options. Don't leave before paying a visit to the famous Leofoo Village Theme Park.  This 5-star property is packed with in-house facilities to improve the quality and joy of your stay.","Car park,Free Wi-Fi in all rooms!,Luggage storage,Check-in/out [private],Tours,Concierge,Wi-Fi in public areas,Family room",5,8.8Excellent,275,3826
"https://www.agoda.com//shin-yuan-park-hotel/hotel/hsinchu-tw.html?finalPriceView=1&isShowMobileAppPrice=false&cid=1891473&numberOfBedrooms=&familyMode=false&adults=1&children=0&rooms=1&maxRooms=0&checkIn=2024-06-8&isCalendarCallout=false&childAges=&numberOfGuest=0&missingChildAges=false&travellerType=3&showReviewSubmissionEntry=false&currencyCode=TWD&isFreeOccSearch=false&tag=a7b18665-a99b-a319-1ff1-fb95c7d3fe4a&tspTypes=7,16,8&los=7&searchrequestid=ba642510-d129-40e6-87ee-8b1f86b19e61",https://pix8.agoda.net/hotelImages/256/256145/256145_17070808300054323555.jpg?ca=6&ce=1&s=1024x768,Shin Yuan Park Hotel,"No. 11, Datong Road, Hsinchu City, Hsinchu, Taiwan, 300 ","Get your trip off to a great start with a stay at this property, which offers free Wi-Fi in all rooms. Strategically situated in Hsinchu City, allowing you access and proximity to local attractions and sights. Don't leave before paying a visit to the famous Leofoo Village Theme Park.  Rated with 3 stars, this high-quality property provides guests with access to restaurant and fitness center on-site.","Front desk [24-hour],Airport transfer,Car park,Free Wi-Fi in all rooms!,Luggage storage,Check-in/out [private],Fitness center,Restaurants",3,8.5Excellent,4661,2176
https://www.agoda.com//wan-ruey-resort/hotel/hsinchu-tw.html?finalPriceView=1&isShowMobileAppPrice=false&cid=1891473&numberOfBedrooms=&familyMode=false&adults=1&children=0&rooms=1&maxRooms=0&checkIn=2024-06-8&isCalendarCallout=false&childAges=&numberOfGuest=0&missingChildAges=false&travellerType=3&showReviewSubmissionEntry=false&currencyCode=TWD&isFreeOccSearch=false&tag=a7b18665-a99b-a319-1ff1-fb95c7d3fe4a&tspTypes=3&los=7&searchrequestid=3d147883-c05f-4f75-9184-22df48c64768,https://pix8.agoda.net/hotelImages/117/1176658/1176658_16030409090040452470.jpg?ca=6&ce=1&s=1024x768,Wan Ruey Resort,"No.23, Hengshan, , Hengshan Township, Hsinchu, Taiwan, 31241 ","The car parking and the Wi-Fi are always free, so you can stay in touch and come and go as you please. Conveniently situated in the Hengshan Township part of Hsinchu, this property puts you close to attractions and interesting dining options. Don't leave before paying a visit to the famous Leofoo Village Theme Park.  This 3-star property features restaurant to make your stay more indulgent and memorable.","Pets allowed,Car park,Shuttle service,Free Wi-Fi in all rooms!,Front desk [24-hour],BBQ facilities,Luggage storage,Check-in/out [private]",3,7.3Very good,987,1509
"https://www.agoda.com//sunflower-motel_2/hotel/all/hsinchu-tw.html?finalPriceView=1&isShowMobileAppPrice=false&cid=1891473&numberOfBedrooms=&familyMode=false&adults=1&children=0&rooms=1&maxRooms=0&checkIn=2024-06-8&isCalendarCallout=false&childAges=&numberOfGuest=0&missingChildAges=false&travellerType=3&showReviewSubmissionEntry=false&currencyCode=TWD&isFreeOccSearch=false&tag=a7b18665-a99b-a319-1ff1-fb95c7d3fe4a&tspTypes=2,16&los=7&searchrequestid=3d147883-c05f-4f75-9184-22df48c64768",https://q-xx.bstatic.com/xdata/images/hotel/max1024x768/119271995.jpg?k=0e1ac4f6b172d5cae21d3a3be86eb4f71fc772979616bd7e2573b317623a914c&o=,Sunflower Motel,"No. 150, Section. 2, Jingguo Road., North District, Hsinchu City, Hsinchu, Taiwan, 300 ","Conveniently situated in the Hsinchu City part of Hsinchu, this property puts you close to attractions and interesting dining options.","Pets allowed,Car park,Free Wi-Fi in all rooms!,Front desk [24-hour],Check-in/out [express],Sauna,Game room,Wi-Fi in public areas",Not available,8.0Excellent,1368,2085
"https://www.agoda.com//peach-hotel/hotel/hsinchu-tw.html?finalPriceView=1&isShowMobileAppPrice=false&cid=1891473&numberOfBedrooms=&familyMode=false&adults=1&children=0&rooms=1&maxRooms=0&checkIn=2024-06-8&isCalendarCallout=false&childAges=&numberOfGuest=0&missingChildAges=false&travellerType=3&showReviewSubmissionEntry=false&currencyCode=TWD&isFreeOccSearch=false&tag=a7b18665-a99b-a319-1ff1-fb95c7d3fe4a&tspTypes=9,16&los=7&searchrequestid=ba642510-d129-40e6-87ee-8b1f86b19e61",https://pix8.agoda.net/hotelImages/241375/-1/95e8adaf2c636eb40b42200447631178.jpg?ca=9&ce=1&s=1024x768,Peach Hotel,"29, Minzu Road, Hsinchu City, Hsinchu, Taiwan, 300 ","Get your trip off to a great start with a stay at this property, which offers free Wi-Fi in all rooms. Strategically situated in Hsinchu City, allowing you access and proximity to local attractions and sights. Don't leave before paying a visit to the famous Leofoo Village Theme Park.  This 3-star property features restaurant to make your stay more indulgent and memorable.","Front desk [24-hour],Bicycle rental,Pets allowed,Car park,Free Wi-Fi in all rooms!,Luggage storage,Contactless check-in/out,Shops",3,7.6Very good,4071,1195
"https://www.agoda.com//dar-lon-hotel/hotel/hsinchu-tw.html?finalPriceView=1&isShowMobileAppPrice=false&cid=1891473&numberOfBedrooms=&familyMode=false&adults=1&children=0&rooms=1&maxRooms=0&checkIn=2024-06-8&isCalendarCallout=false&childAges=&numberOfGuest=0&missingChildAges=false&travellerType=3&showReviewSubmissionEntry=false&currencyCode=TWD&isFreeOccSearch=false&tag=a7b18665-a99b-a319-1ff1-fb95c7d3fe4a&tspTypes=16,8&los=7&searchrequestid=ba642510-d129-40e6-87ee-8b1f86b19e61",https://pix8.agoda.net/hotelImages/366/3663472/3663472_17122415430060603645.jpg?ca=6&ce=1&s=1024x768,Dar Lon Hotel,"No.808, Sec. 2, Guangfu Rd., Hsinchu City, Hsinchu, Taiwan, 30071 ","The car parking and the Wi-Fi are always free, so you can stay in touch and come and go as you please. Conveniently situated in the Hsinchu City part of Hsinchu, this property puts you close to attractions and interesting dining options. Don't leave before paying a visit to the famous Leofoo Village Theme Park.  Rated with 4 stars, this high-quality property provides guests with access to restaurant, steamroom and sauna on-site.","Airport transfer,Car park,Free Wi-Fi in all rooms!,Front desk [24-hour],Steamroom,Spa,Check-in/out [express],Luggage storage",4,9.1Exceptional,3967,3298
https://www.agoda.com//h-motel/hotel/hsinchu-tw.html?finalPriceView=1&isShowMobileAppPrice=false&cid=1891473&numberOfBedrooms=&familyMode=false&adults=1&children=0&rooms=1&maxRooms=0&checkIn=2024-06-8&isCalendarCallout=false&childAges=&numberOfGuest=0&missingChildAges=false&travellerType=3&showReviewSubmissionEntry=false&currencyCode=TWD&isFreeOccSearch=false&tag=a7b18665-a99b-a319-1ff1-fb95c7d3fe4a&tspTypes=-1&los=7&searchrequestid=ba642510-d129-40e6-87ee-8b1f86b19e61,https://pix8.agoda.net/hotelImages/44190972/-1/458ce0e966783a16e18472e38107d067.jpg?ce=0&s=1024x768,H Motel,"116 Zhongshan Road, Hsinchu, Hsinchu, Taiwan, 302 ","Get your trip off to a great start with a stay at this property, which offers free Wi-Fi in all rooms. Conveniently situated in the Hsinchu part of Hsinchu, this property puts you close to attractions and interesting dining options. Don't leave before paying a visit to the famous Leofoo Village Theme Park.  This 3-star property features spa to make your stay more indulgent and memorable.","Airport transfer,Car park,Free Wi-Fi in all rooms!,Front desk [24-hour],Check-in/out [private],Spa,Room service,Tours",3,8.7Excellent,376,2643
https://www.agoda.com//xinshe-hotel/hotel/hsinchu-tw.html?finalPriceView=1&isShowMobileAppPrice=false&cid=1891473&numberOfBedrooms=&familyMode=false&adults=1&children=0&rooms=1&maxRooms=0&checkIn=2024-06-8&isCalendarCallout=false&childAges=&numberOfGuest=0&missingChildAges=false&travellerType=3&showReviewSubmissionEntry=false&currencyCode=TWD&isFreeOccSearch=false&tag=a7b18665-a99b-a319-1ff1-fb95c7d3fe4a&los=7&searchrequestid=ba642510-d129-40e6-87ee-8b1f86b19e61,https://pix8.agoda.net/hotelImages/919/919026/919026_15112314030037948986.jpg?ca=6&ce=1&s=1024x768,Xinshe Hotel,"No.658, Xida Road, Hsinchu City, Hsinchu, Taiwan, 30049 ","Get your trip off to a great start with a stay at this property, which offers free Wi-Fi in all rooms. Conveniently situated in the Hsinchu City part of Hsinchu, this property puts you close to attractions and interesting dining options. Don't leave before paying a visit to the famous Leofoo Village Theme Park.  Rated with 3 stars, this high-quality property provides guests with access to restaurant and fitness center on-site.","Shuttle service,Free Wi-Fi in all rooms!,Front desk [24-hour],Luggage storage,Fitness center,Game room,Restaurants,Laundry service",3,7.9Very good,4286,4007
https://www.agoda.com//madrid-classic-hotel-h34889849/hotel/hsinchu-tw.html?finalPriceView=1&isShowMobileAppPrice=false&cid=1891473&numberOfBedrooms=&familyMode=false&adults=1&children=0&rooms=1&maxRooms=0&checkIn=2024-06-8&isCalendarCallout=false&childAges=&numberOfGuest=0&missingChildAges=false&travellerType=3&showReviewSubmissionEntry=false&currencyCode=TWD&isFreeOccSearch=false&tag=a7b18665-a99b-a319-1ff1-fb95c7d3fe4a&los=7&searchrequestid=ba642510-d129-40e6-87ee-8b1f86b19e61,https://pix8.agoda.net/hotelImages/49687809/0/b9b65b48c1e6f2e7ac8a3f91c285d07f.jpg?ce=0&s=1024x768,Madrid Classic Hotel,"729 中華路四段, Hsinchu City, Hsinchu, Taiwan, 300 ","Get your trip off to a great start with a stay at this property, which offers free Wi-Fi in all rooms. Conveniently situated in the Hsinchu City part of Hsinchu, this property puts you close to attractions and interesting dining options. Don't leave before paying a visit to the famous Leofoo Village Theme Park.  This 3-star property is packed with in-house facilities to improve the quality and joy of your stay.","Car park,Free Wi-Fi in all rooms!,Front desk [24-hour],Check-in/out [private],Breakfast [free],Hot tub,Room service,Wi-Fi in public areas",3,8.6Excellent,71,2122
https://www.agoda.com//h48048593/hotel/all/hsinchu-tw.html?finalPriceView=1&isShowMobileAppPrice=false&cid=1891473&numberOfBedrooms=&familyMode=false&adults=1&children=0&rooms=1&maxRooms=0&checkIn=2024-06-8&isCalendarCallout=false&childAges=&numberOfGuest=0&missingChildAges=false&travellerType=3&showReviewSubmissionEntry=false&currencyCode=TWD&isFreeOccSearch=false&tag=a7b18665-a99b-a319-1ff1-fb95c7d3fe4a&tspTypes=16&los=7&searchrequestid=ba642510-d129-40e6-87ee-8b1f86b19e61,https://q-xx.bstatic.com/xdata/images/hotel/max1024x768/511508979.jpg?k=fe9cb90ca8f92839d511241de7f58c334c673581e4780517b7501d67ece5740c&o=,關西來春花園,"Guanxi, Hsinchu, Taiwan ","Conveniently situated in the Guanxi part of Hsinchu, this property puts you close to attractions and interesting dining options.","Car park,Free Wi-Fi in all rooms!,Luggage storage,Wi-Fi in public areas,Family room,Smoke-free property,Rooms sanitized between stays,Terrace",Not available,9.9Exceptional,1,2313
"https://www.agoda.com//lakeshore-hotel-hsinchu/hotel/hsinchu-tw.html?finalPriceView=1&isShowMobileAppPrice=false&cid=1891473&numberOfBedrooms=&familyMode=false&adults=1&children=0&rooms=1&maxRooms=0&checkIn=2024-06-8&isCalendarCallout=false&childAges=&numberOfGuest=0&missingChildAges=false&travellerType=3&showReviewSubmissionEntry=false&currencyCode=TWD&isFreeOccSearch=false&tag=a7b18665-a99b-a319-1ff1-fb95c7d3fe4a&tspTypes=16,8&los=7&searchrequestid=ba642510-d129-40e6-87ee-8b1f86b19e61",https://pix8.agoda.net/hotelImages/412/412087/412087_130111141016472.jpg?ca=0&ce=1&s=1024x768,Lakeshore Hotel Hsinchu,"No.773, Minghu Rd, Hsinchu City, Hsinchu, Taiwan, 300 ","The car parking and the Wi-Fi are always free, so you can stay in touch and come and go as you please. Conveniently situated in the Hsinchu City part of Hsinchu, this property puts you close to attractions and interesting dining options. Don't leave before paying a visit to the famous Leofoo Village Theme Park.  Rated with 4 stars, this high-quality property provides guests with access to restaurant, fitness center and indoor pool on-site.","Front desk [24-hour],Car park,Free Wi-Fi in all rooms!,Luggage storage,Swimming pool [indoor],Fitness center,Car power charging station,Steamroom",4,8.8Excellent,14485,3595
"https://www.agoda.com//golden-swallow-hotel/hotel/hsinchu-tw.html?finalPriceView=1&isShowMobileAppPrice=false&cid=1891473&numberOfBedrooms=&familyMode=false&adults=1&children=0&rooms=1&maxRooms=0&checkIn=2024-06-8&isCalendarCallout=false&childAges=&numberOfGuest=0&missingChildAges=false&travellerType=3&showReviewSubmissionEntry=false&currencyCode=TWD&isFreeOccSearch=false&tag=a7b18665-a99b-a319-1ff1-fb95c7d3fe4a&tspTypes=2,16&los=7&searchrequestid=ba642510-d129-40e6-87ee-8b1f86b19e61",https://pix8.agoda.net/hotelImages/547/547523/547523_16013116470039520023.jpg?ca=6&ce=1&s=1024x768,Golden Swallow Hotel,"No.13, Minzu Rd, Hsinchu City, Hsinchu, Taiwan, 300 ","Get your trip off to a great start with a stay at this property, which offers free Wi-Fi in all rooms. Strategically situated in Hsinchu City, allowing you access and proximity to local attractions and sights. Don't leave before paying a visit to the famous Leofoo Village Theme Park.  As an added bonus, restaurant is provided on-site to conveniently serve your needs.","Bicycle rental,Car park,Free Wi-Fi in all rooms!,Front desk [24-hour],Luggage storage,Laundry service,Restaurants,Room service",2.5,7.8Very good,2413,1059
https://www.agoda.com//sendale-zhubei-business-hotel/hotel/hsinchu-tw.html?finalPriceView=1&isShowMobileAppPrice=false&cid=1891473&numberOfBedrooms=&familyMode=false&adults=1&children=0&rooms=1&maxRooms=0&checkIn=2024-06-8&isCalendarCallout=false&childAges=&numberOfGuest=0&missingChildAges=false&travellerType=3&showReviewSubmissionEntry=false&currencyCode=TWD&isFreeOccSearch=false&tag=a7b18665-a99b-a319-1ff1-fb95c7d3fe4a&los=7&searchrequestid=ba642510-d129-40e6-87ee-8b1f86b19e61,https://pix8.agoda.net/hotelImages/127/1278028/1278028_16080517220045257945.jpg?ca=6&ce=1&s=1024x768,SENDALE ZHUBEI BUSINESS HOTEL,"No.1,Guangming 9th Rd., Hsinchu, Hsinchu, Taiwan, 30264 ","The car parking and the Wi-Fi are always free, so you can stay in touch and come and go as you please. Conveniently situated in the Hsinchu part of Hsinchu, this property puts you close to attractions and interesting dining options. Don't leave before paying a visit to the famous Leofoo Village Theme Park.  Rated with 3 stars, this high-quality property provides guests with access to restaurant and fitness center on-site.","Airport transfer,Bicycle rental,Shuttle service,Free Wi-Fi in all rooms!,Fitness center,Front desk [24-hour],Check-in/out [express],Luggage storage",3,7.8Very good,1532,1981
https://www.agoda.com//sheraton-hsinchu-hotel/hotel/hsinchu-tw.html?finalPriceView=1&isShowMobileAppPrice=false&cid=1891473&numberOfBedrooms=&familyMode=false&adults=1&children=0&rooms=1&maxRooms=0&checkIn=2024-06-8&isCalendarCallout=false&childAges=&numberOfGuest=0&missingChildAges=false&travellerType=3&showReviewSubmissionEntry=false&currencyCode=TWD&isFreeOccSearch=false&tag=a7b18665-a99b-a319-1ff1-fb95c7d3fe4a&tspTypes=16&los=7&searchrequestid=ba642510-d129-40e6-87ee-8b1f86b19e61,https://pix8.agoda.net/hotelImages/187/187015/187015_16052410510042659526.jpg?ca=6&ce=1&s=1024x768,Sheraton Hsinchu Hotel,"No. 265, Dong Sec. 1, Hsinchu, Hsinchu, Taiwan, 302 ","The car parking and the Wi-Fi are always free, so you can stay in touch and come and go as you please. Conveniently situated in the Hsinchu part of Hsinchu, this property puts you close to attractions and interesting dining options. Don't leave before paying a visit to the famous Leofoo Village Theme Park.  Rated with 4.5 stars, this high-quality property provides guests with access to restaurant, fitness center and indoor pool on-site.","Front desk [24-hour],Airport transfer,Valet parking,Shuttle service,Swimming pool [indoor],Fitness center,Free Wi-Fi in all rooms!,Check-in/out [express]",4.5,8.7Excellent,1741,7964
